http://data.collectienederland.nl/resource/document/mauritshuis/1055;Antoon François Heijligers
http://data.collectienederland.nl/resource/document/mauritshuis/1096;Pieter van Santvoort
http://data.collectienederland.nl/resource/document/mauritshuis/1100;Jan van Goyen
http://data.collectienederland.nl/resource/document/mauritshuis/1104;Simon van den Berg
http://data.collectienederland.nl/resource/document/mauritshuis/1136;Giovanni Antonio Pellegrini
http://data.collectienederland.nl/resource/document/mauritshuis/276;Hans Holbein de Jonge
http://data.collectienederland.nl/resource/document/mauritshuis/277;Hans Holbein the Younger
http://data.collectienederland.nl/resource/document/mauritshuis/277;Hans Holbein de Jonge
http://data.collectienederland.nl/resource/document/mauritshuis/278;Hans Holbein the Younger
http://data.collectienederland.nl/resource/document/mauritshuis/279;Hans Holbein the Younger
http://data.collectienederland.nl/resource/document/mauritshuis/281;Hans Rottenhammer
http://data.collectienederland.nl/resource/document/mauritshuis/282;Hendrik van Balen
http://data.collectienederland.nl/resource/document/mauritshuis/282;Jan Brueghel de Jonge
http://data.collectienederland.nl/resource/document/mauritshuis/283;Hans Rottenhammer
http://data.collectienederland.nl/resource/document/mauritshuis/283;Jan Brueghel de Oude
http://data.collectienederland.nl/resource/document/mauritshuis/286;Johann Friedrich August Tischbein
http://data.collectienederland.nl/resource/document/mauritshuis/287;Piero di Cosimo
http://data.collectienederland.nl/resource/document/mauritshuis/291;Herman van Swanevelt
http://data.collectienederland.nl/resource/document/mauritshuis/302;Correggio
http://data.collectienederland.nl/resource/document/mauritshuis/304;Nicolas Regnier
http://data.collectienederland.nl/resource/document/mauritshuis/308;Pietro Bellotti
http://data.collectienederland.nl/resource/document/mauritshuis/311;Paolo Farinato
http://data.collectienederland.nl/resource/document/mauritshuis/317;Gortzius Geldorp the Elder
http://data.collectienederland.nl/resource/document/mauritshuis/320;Gaspard Dughet
http://data.collectienederland.nl/resource/document/mauritshuis/324;Parmigianino
http://data.collectienederland.nl/resource/document/mauritshuis/329;Antonio Francesco Peruzzini
http://data.collectienederland.nl/resource/document/mauritshuis/335;Antonio Zanchi
http://data.collectienederland.nl/resource/document/mauritshuis/336;Sassoferrato
http://data.collectienederland.nl/resource/document/mauritshuis/348;Joos van Cleve
http://data.collectienederland.nl/resource/document/mauritshuis/349;Anonymous (Italy)
http://data.collectienederland.nl/resource/document/mauritshuis/353;Anoniem (Zuidelijke Nederlanden)
http://data.collectienederland.nl/resource/document/mauritshuis/354;Parmigianino
http://data.collectienederland.nl/resource/document/mauritshuis/359;Domenico Antonio Vaccaro
http://data.collectienederland.nl/resource/document/mauritshuis/392;Pieter Codde
http://data.collectienederland.nl/resource/document/mauritshuis/393;Pieter Lastman
http://data.collectienederland.nl/resource/document/mauritshuis/399;Balthasar van der Ast
http://data.collectienederland.nl/resource/document/mauritshuis/402;Jan Vermeulen
http://data.collectienederland.nl/resource/document/mauritshuis/404;Elias Vonck
http://data.collectienederland.nl/resource/document/mauritshuis/409;Pieter Symonsz Potter
http://data.collectienederland.nl/resource/document/mauritshuis/414;Jan Anthonisz van Ravesteyn
http://data.collectienederland.nl/resource/document/mauritshuis/418;Jan Anthonisz van Ravesteyn
http://data.collectienederland.nl/resource/document/mauritshuis/426;Jan Anthonisz van Ravesteyn
http://data.collectienederland.nl/resource/document/mauritshuis/433;Master of the Salomon triptych
http://data.collectienederland.nl/resource/document/mauritshuis/438;Jan Anthonisz van Ravesteyn
http://data.collectienederland.nl/resource/document/mauritshuis/439;Jan Anthonisz van Ravesteyn
http://data.collectienederland.nl/resource/document/mauritshuis/446;Gerard de Lairesse
http://data.collectienederland.nl/resource/document/mauritshuis/447;Pieter Jansz Quast
http://data.collectienederland.nl/resource/document/mauritshuis/448;Anonymous (Northern Netherlands)
http://data.collectienederland.nl/resource/document/mauritshuis/454;Jan de Baen
http://data.collectienederland.nl/resource/document/mauritshuis/468;Maria van Oosterwyck
http://data.collectienederland.nl/resource/document/mauritshuis/473;Emanuel de Witte
http://data.collectienederland.nl/resource/document/mauritshuis/474;Christoffel Pierson
http://data.collectienederland.nl/resource/document/mauritshuis/498;Abraham Ragueneau
http://data.collectienederland.nl/resource/document/mauritshuis/507;Michiel Jansz van Mierevelt
http://data.collectienederland.nl/resource/document/mauritshuis/537;Jan Olis
http://data.collectienederland.nl/resource/document/mauritshuis/539;Pieter Frederik de la Croix
http://data.collectienederland.nl/resource/document/mauritshuis/540;Anonymous (Northern Netherlands)
http://data.collectienederland.nl/resource/document/mauritshuis/541;Sybrand van Beest
http://data.collectienederland.nl/resource/document/mauritshuis/548;Abraham van Beyeren
http://data.collectienederland.nl/resource/document/mauritshuis/554;Guillaume du Bois
http://data.collectienederland.nl/resource/document/mauritshuis/561;Anoniem (Noordelijke Nederlanden)
http://data.collectienederland.nl/resource/document/mauritshuis/566;Jan van Goyen
http://data.collectienederland.nl/resource/document/mauritshuis/567;Jan van de Cappelle
http://data.collectienederland.nl/resource/document/mauritshuis/573;Jan Miense Molenaer
http://data.collectienederland.nl/resource/document/mauritshuis/575;Jan Miense Molenaer
http://data.collectienederland.nl/resource/document/mauritshuis/576;Jan Miense Molenaer
http://data.collectienederland.nl/resource/document/mauritshuis/580;Adriaen van Ostade
http://data.collectienederland.nl/resource/document/mauritshuis/584;Rembrandt van Rijn
http://data.collectienederland.nl/resource/document/mauritshuis/596;Willem Claesz Heda
http://data.collectienederland.nl/resource/document/mauritshuis/599;Jacob van Loo
http://data.collectienederland.nl/resource/document/mauritshuis/605;Carel Fabritius
http://data.collectienederland.nl/resource/document/mauritshuis/607;Adriaen Brouwer
http://data.collectienederland.nl/resource/document/mauritshuis/609;Cornelis Troost
http://data.collectienederland.nl/resource/document/mauritshuis/610;Rembrandt van Rijn
http://data.collectienederland.nl/resource/document/mauritshuis/613;Jan Davidsz de Heem
http://data.collectienederland.nl/resource/document/mauritshuis/655;Paulus Moreelse
http://data.collectienederland.nl/resource/document/mauritshuis/656;Jean-Baptiste-Siméon Chardin
http://data.collectienederland.nl/resource/document/mauritshuis/657;Michael Sweerts
http://data.collectienederland.nl/resource/document/mauritshuis/658;Pieter Quast
http://data.collectienederland.nl/resource/document/mauritshuis/659;Anthonie Verstralen
http://data.collectienederland.nl/resource/document/mauritshuis/670;Johannes Vermeer
http://data.collectienederland.nl/resource/document/mauritshuis/672;Christoffel van den Berghe
http://data.collectienederland.nl/resource/document/mauritshuis/675;Bernard Zwaerdecroon
http://data.collectienederland.nl/resource/document/mauritshuis/678;Abraham van Beyeren
http://data.collectienederland.nl/resource/document/mauritshuis/687;Jan Fijt
http://data.collectienederland.nl/resource/document/mauritshuis/694;Anoniem (Zuidelijke Nederlanden)
http://data.collectienederland.nl/resource/document/mauritshuis/694;Anonymous (Southern Netherlands)
http://data.collectienederland.nl/resource/document/mauritshuis/695;Anoniem (Zuidelijke Nederlanden)
http://data.collectienederland.nl/resource/document/mauritshuis/697;Abraham van Beyeren
http://data.collectienederland.nl/resource/document/mauritshuis/699;Salomon van Ruysdael
http://data.collectienederland.nl/resource/document/mauritshuis/705;Johannes Moreelse
http://data.collectienederland.nl/resource/document/mauritshuis/709;Godefridus Schalcken
http://data.collectienederland.nl/resource/document/mauritshuis/714;Caspar Netscher
http://data.collectienederland.nl/resource/document/mauritshuis/717;Nicolaes Maes
http://data.collectienederland.nl/resource/document/mauritshuis/718;Nicolaes Maes
http://data.collectienederland.nl/resource/document/mauritshuis/729;George van der Mijn
http://data.collectienederland.nl/resource/document/mauritshuis/733;Jacob de Wit
http://data.collectienederland.nl/resource/document/mauritshuis/748;Michiel van Musscher
http://data.collectienederland.nl/resource/document/mauritshuis/864;Isack van Ostade
http://data.collectienederland.nl/resource/document/mauritshuis/965;Joachim Beuckelaer
